,I-Count,Label(m0/f1)
0,6,1
1,2,0
2,14,0
3,2,0
4,2,0
5,1,0
6,0,1
7,1,0
8,0,0
9,1,0
10,0,0
11,16,0
12,1,1
13,2,1
14,0,1
15,4,1
16,3,0
17,0,0
18,0,0
19,3,1
20,9,0
21,0,0
22,5,0
23,3,0
24,0,0
25,4,0
26,0,0
27,1,0
28,3,0
29,20,0
30,3,0
31,2,0
32,6,0
33,0,0
34,0,0
35,61,1
36,7,0
37,3,0
38,29,0
39,8,0
40,1,1
41,13,0
42,24,1
43,7,1
44,7,0
45,12,1
46,2,0
47,1,1
48,2,0
49,4,0
50,0,0
51,2,0
52,1,0
53,0,0
54,0,0
55,0,0
56,7,0
57,0,0
58,1,0
59,11,0
60,1,0
61,0,0
62,0,0
63,0,1
64,73,1
65,4,0
66,2,0
67,3,0
68,0,0
69,0,0
70,0,0
71,2,0
72,3,0
73,2,0
74,1,0
75,6,1
76,0,1
77,0,0
78,1,0
79,2,0
80,1,0
81,1,0
82,3,0
83,1,0
84,40,0
85,26,0
86,1,0
87,17,0
88,10,0
89,0,0
90,9,1
91,1,0
92,11,1
93,35,0
94,0,0
95,1,0
96,5,0
97,4,0
98,0,0
99,6,1
100,0,0
101,0,0
102,1,0
103,0,0
104,1,1
105,19,0
106,21,0
107,7,0
108,4,1
109,0,0
110,2,0
111,0,0
112,0,0
113,21,0
114,6,0
115,3,0
116,4,0
117,8,0
118,0,0
119,3,0
120,7,0
121,7,0
122,4,0
123,0,1
124,1,0
125,1,0
126,5,0
127,8,0
128,5,1
129,6,0
130,4,0
131,0,0
132,0,1
133,11,1
134,37,1
135,0,0
136,0,0
137,0,0
138,25,1
139,0,1
140,2,0
141,31,1
142,29,0
143,3,0
144,9,0
145,9,0
146,7,0
147,5,0
148,10,0
149,21,0
150,0,0
151,2,1
152,5,1
153,5,1
154,5,1
155,0,0
156,1,0
157,2,0
158,8,1
159,1,0
160,4,1
161,3,0
162,0,0
163,17,0
164,14,0
165,7,0
166,0,1
167,0,0
168,1,0
169,2,0
170,1,0
171,4,0
172,1,0
173,0,0
174,0,0
175,5,0
176,8,0
177,0,0
178,0,0
179,2,1
180,0,0
181,1,0
182,1,1
183,3,1
184,6,1
185,3,0
186,1,0
187,0,0
188,3,0
189,2,1
190,0,0
191,0,0
192,7,0
193,5,0
194,11,1
195,13,0
196,1,0
197,1,0
198,0,0
199,1,0
200,21,1
201,3,1
202,2,0
203,1,1
204,9,0
205,2,0
206,52,1
207,2,0
208,0,1
209,0,0
210,19,1
211,0,0
212,1,0
213,7,0
214,9,0
215,0,1
216,7,0
217,2,0
218,9,0
219,3,0
220,1,0
221,0,0
222,1,0
223,24,0
224,0,0
225,0,0
226,0,1
227,4,1
228,0,0
229,1,0
230,10,0
231,6,0
232,4,1
233,0,0
234,6,1
235,7,0
236,0,0
237,4,1
238,1,0
239,3,0
240,8,0
241,0,1
242,3,0
243,6,0
244,2,0
245,78,1
246,5,0
247,7,0
248,1,0
249,2,0
250,1,0
251,3,0
252,2,1
253,2,0
254,0,1
255,10,0
256,16,0
257,0,1
258,5,0
259,21,1
260,53,1
261,0,0
262,13,0
263,0,0
264,1,1
265,4,1
266,5,0
267,0,0
268,2,0
269,1,0
270,2,0
271,4,1
272,8,1
273,2,0
274,0,0
275,4,0
276,0,0
277,0,0
278,0,0
279,2,0
280,16,1
281,0,0
282,2,0
283,5,0
284,5,0
285,1,0
286,3,0
287,7,0
288,0,1
289,6,0
290,1,0
291,2,1
292,0,0
293,4,0
294,0,0
295,2,0
296,5,0
297,3,0
298,3,0
299,61,1
300,0,0
301,1,0
302,1,0
303,0,0
304,1,0
305,6,0
306,4,0
307,24,0
308,0,1
309,0,0
310,0,0
311,13,0
312,0,0
313,0,0
314,2,0
315,1,0
316,0,1
317,7,0
318,20,0
319,5,0
320,3,0
321,0,0
322,0,0
323,0,0
324,0,0
325,1,0
326,3,1
327,5,0
328,3,0
329,10,0
330,3,0
331,2,0
332,11,0
333,25,1
334,7,1
335,1,0
336,0,1
337,0,0
338,12,0
339,0,0
340,15,1
341,0,1
342,29,0
343,2,1
344,1,0
345,6,0
346,7,0
347,0,0
348,4,0
349,0,0
350,3,0
351,0,0
352,1,1
353,1,1
354,2,0
355,1,1
356,2,0
357,4,0
358,16,0
359,5,0
360,1,0
361,2,0
362,4,0
363,1,1
364,12,0
365,0,0
366,0,0
367,2,0
368,7,0
369,6,1
370,24,0
371,1,1
372,3,0
373,4,0
374,0,1
375,0,0
376,0,0
377,1,0
378,0,0
379,3,0
380,28,1
381,4,1
382,11,1
383,25,1
384,8,0
385,0,1
386,1,1
387,31,0
388,0,1
389,3,0
390,0,0
391,6,0
392,7,1
393,4,0
394,1,1
395,1,1
396,4,0
397,22,0
398,8,1
399,38,0
400,16,1
401,0,0
402,7,0
403,4,0
404,3,0
405,0,0
406,2,0
407,2,0
408,1,0
409,2,0
410,2,1
411,2,0
412,11,0
413,2,1
414,3,0
415,0,0
416,2,0
417,1,1
418,9,1
419,2,0
420,45,1
421,7,0
422,2,0
423,2,0
424,4,0
425,0,0
426,0,0
427,0,0
428,2,0
429,0,0
430,1,0
431,0,0
432,0,0
433,0,0
434,2,0
435,16,1
436,0,0
437,0,0
438,21,1
439,1,0
440,4,0
441,3,0
442,3,0
443,0,0
444,51,1
445,24,1
446,1,1
447,4,0
448,0,1
449,7,0
450,0,0
451,3,0
452,5,1
453,32,1
454,4,0
455,1,0
456,7,1
457,1,0
458,26,1
459,0,1
460,10,0
461,14,0
462,14,0
463,7,1
464,1,0
465,1,0
466,33,1
467,33,0
468,3,1
469,8,0
470,20,0
471,0,1
472,13,0
473,7,0
474,21,0
475,1,1
476,19,0
477,0,0
478,2,0
479,1,0
480,3,1
481,0,0
482,2,0
483,1,0
484,3,0
485,4,0
486,31,1
487,2,0
488,0,0
489,5,1
490,0,0
491,1,0
492,1,1
493,0,0
494,26,0
495,1,0
496,4,1
497,1,0
498,0,0
499,56,0
500,5,0
501,0,1
502,1,1
503,1,0
504,1,0
505,4,0
506,0,0
507,7,1
508,10,1
509,3,0
510,1,1
511,0,1
512,0,0
513,0,0
514,4,0
515,1,0
516,6,0
517,1,0
518,0,0
519,0,0
520,0,0
521,4,0
522,0,0
523,2,1
524,5,1
525,2,0
526,0,0
527,6,0
528,21,1
529,1,0
530,22,0
531,4,1
532,3,0
533,6,0
534,8,1
535,1,0
536,42,0
537,0,0
538,7,0
539,3,0
540,0,0
541,1,0
542,1,0
543,0,1
544,1,0
545,13,0
546,0,0
547,56,0
548,12,1
549,0,0
550,0,0
551,2,0
552,0,0
553,7,0
554,3,0
555,0,1
556,0,1
557,6,0
558,0,0
559,0,1
560,1,0
561,1,0
562,9,0
563,4,0
564,1,1
565,0,1
566,2,0
567,0,0
568,3,0
569,2,1
570,6,0
571,3,0
572,3,0
573,0,0
574,1,1
575,0,0
576,12,1
577,6,0
578,0,0
579,9,0
580,1,0
581,2,1
582,0,0
583,2,0
584,0,0
585,0,1
586,3,1
587,9,1
588,4,0
589,30,0
590,0,0
591,18,1
592,2,0
593,15,0
594,33,0
595,0,0
596,4,1
597,0,0
598,17,1
599,36,1
600,2,0
601,3,0
602,19,1
603,0,0
604,0,0
605,4,0
606,1,0
607,0,0
608,0,0
609,0,0
610,12,1
611,6,0
612,0,1
613,5,0
614,1,0
615,1,0
616,0,0
617,0,0
618,5,0
619,0,0
620,0,0
621,8,0
622,25,1
623,0,1
624,14,0
625,1,0
626,6,0
627,1,0
628,4,0
629,3,0
630,10,1
631,3,0
632,6,0
633,2,1
634,9,1
635,0,0
636,0,0
637,45,0
638,0,0
639,0,0
640,0,0
641,1,0
642,4,0
643,3,0
644,1,0
645,4,1
646,1,0
647,23,1
648,1,0
649,8,1
650,6,0
651,4,0
652,0,1
653,0,0
654,2,0
655,9,1
656,0,1
657,6,0
658,11,1
659,6,1
660,2,0
661,2,0
662,2,0
663,3,0
664,0,0
665,3,0
666,11,0
667,15,1
668,24,1
669,12,0
670,1,0
671,0,0
672,4,1
673,1,0
674,1,0
675,9,0
676,1,0
677,0,0
678,2,0
679,4,0
680,2,0
681,7,0
682,4,0
683,1,0
684,30,0
685,0,1
686,8,0
687,11,1
688,5,1
689,1,0
690,0,0
691,2,0
692,4,0
693,1,1
694,38,1
695,2,0
696,13,1
697,0,1
698,2,0
699,2,1
700,0,0
701,0,1
702,0,0
703,0,0
704,0,0
705,2,0
706,0,0
707,2,0
708,2,0
709,1,1
710,15,0
711,18,0
712,2,0
713,4,1
714,5,0
715,41,0
716,4,1
717,25,1
718,1,0
719,0,1
720,4,0
721,1,0
722,3,0
723,0,0
724,1,0
725,1,0
726,0,1
727,2,0
728,0,0
729,0,0
730,18,1
731,0,0
732,2,1
733,2,0
734,0,0
735,1,1
736,1,0
737,0,1
738,0,1
739,0,1
740,0,0
741,1,0
742,0,0
743,0,0
744,1,0
745,3,0
746,2,0
747,21,1
748,0,0
749,2,0
750,3,0
751,3,1
752,1,1
753,3,0
754,0,0
755,3,0
756,30,0
757,0,0
758,9,0
759,22,0
760,4,0
761,0,0
762,0,1
763,3,1
764,1,0
765,16,0
766,1,0
767,24,0
768,4,0
769,1,0
770,1,0
771,7,0
772,1,0
773,36,1
774,4,0
775,6,0
776,14,0
777,0,0
778,24,1
779,0,1
780,0,0
781,26,1
782,6,0
783,1,1
784,3,0
785,1,1
786,0,0
787,0,0
788,0,0
789,0,0
790,0,0
791,4,0
792,1,0
793,15,1
794,0,0
795,1,0
796,0,0
797,7,0
798,9,0
799,1,0
800,1,0
801,2,0
802,4,0
803,72,1
804,1,0
805,4,0
806,2,0
807,3,0
808,1,0
809,2,0
810,4,0
811,0,0
812,21,1
813,4,0
814,0,1
815,2,0
816,1,0
817,1,0
818,4,0
819,9,0
820,0,1
821,0,0
822,42,1
823,1,0
824,1,0
825,56,0
826,13,0
827,0,0
828,3,0
829,0,0
830,0,0
831,1,0
832,3,0
833,0,0
834,0,0
835,3,0
836,14,0
837,2,0
838,1,0
839,2,0
840,0,1
841,36,1
842,7,0
843,13,0
844,1,1
845,1,0
846,5,1
847,0,1
848,0,0
849,0,0
850,11,0
851,1,0
852,14,1
853,11,0
854,0,0
855,1,0
856,40,1
857,1,0
858,19,0
859,0,0
860,0,1
861,0,1
862,0,0
863,26,0
864,1,0
865,13,0
866,0,1
867,11,1
868,0,0
869,3,0
870,3,0
871,21,1
872,0,0
873,1,0
874,1,1
875,14,1
876,0,0
877,0,1
878,0,1
879,3,0
880,1,0
881,3,0
882,28,0
883,6,1
884,1,0
885,0,1
886,2,0
887,1,0
888,1,1
889,1,0
890,11,1
891,16,0
892,14,0
893,7,0
894,16,1
895,2,0
896,3,0
897,0,0
898,26,0
899,2,0
900,0,0
901,2,1
902,3,0
903,7,0
904,6,0
905,17,0
906,23,0
907,0,0
908,38,1
909,0,0
910,3,0
911,21,0
912,14,0
913,4,1
914,1,1
915,23,1
916,0,1
917,0,0
918,7,1
919,3,0
920,1,0
921,0,0
922,0,0
923,0,1
924,9,1
925,1,0
926,5,0
927,1,1
928,14,0
929,6,0
930,1,0
931,2,0
932,1,1
933,4,0
934,0,0
935,6,1
936,4,0
937,3,0
938,68,1
939,5,1
940,1,0
941,15,1
942,0,1
943,42,1
944,0,0
945,0,0
946,4,1
947,0,0
948,3,0
949,2,1
950,1,1
951,1,0
952,5,1
953,0,0
954,14,1
955,0,0
956,1,0
957,0,0
958,0,0
959,0,0
960,4,0
961,0,0
962,4,1
963,5,0
964,7,1
965,4,0
966,8,0
967,5,0
968,2,0
969,0,1
970,0,1
971,4,0
972,0,1
973,1,0
974,0,0
975,21,1
976,1,0
977,4,0
978,3,0
979,0,0
980,1,1
981,1,0
982,0,0
983,3,0
984,0,1
985,0,0
986,35,0
987,2,0
988,0,0
989,0,1
990,4,0
991,1,0
992,0,0
993,2,0
994,0,0
995,0,0
996,18,0
997,5,0
998,0,0
999,0,0
1000,18,1
1001,0,0
1002,0,0
1003,6,1
1004,3,0
1005,3,0
1006,0,1
1007,1,0
1008,1,0
1009,1,1
1010,17,1
1011,0,0
1012,2,0
1013,7,0
1014,2,0
1015,4,0
1016,1,0
1017,0,0
1018,11,1
1019,11,1
1020,1,1
1021,0,0
1022,9,1
1023,6,0
1024,7,0
1025,0,0
1026,26,0
1027,2,0
1028,2,1
1029,0,0
1030,5,0
1031,10,0
1032,26,1
1033,1,1
1034,11,0
1035,0,1
1036,1,0
1037,7,0
1038,5,1
1039,9,0
1040,4,0
1041,0,1
1042,0,0
1043,8,0
1044,0,0
1045,0,1
1046,1,0
1047,2,0
1048,6,0
1049,3,0
1050,0,0
1051,0,1
1052,3,0
1053,1,1
1054,0,0
1055,0,0
1056,0,1
1057,8,1
1058,0,0
1059,2,0
1060,4,0
1061,1,1
1062,3,0
1063,4,1
1064,7,0
1065,1,0
1066,1,0
1067,0,0
1068,3,0
1069,9,0
1070,7,0
1071,0,0
1072,36,1
1073,0,0
1074,1,1
1075,2,0
1076,6,0
1077,15,1
1078,3,0
1079,1,1
1080,3,0
1081,26,1
1082,0,0
1083,0,0
1084,1,0
1085,1,0
1086,0,0
1087,3,1
1088,1,0
1089,1,1
1090,33,0
1091,8,0
1092,18,0
1093,6,0
1094,2,0
1095,2,0
1096,0,0
1097,0,0
1098,3,0
1099,4,0
1100,4,0
1101,0,1
1102,8,0
1103,1,0
1104,9,1
1105,15,0
1106,0,0
1107,0,0
1108,0,1
1109,0,0
1110,1,0
1111,6,0
1112,2,0
1113,0,1
1114,8,0
1115,2,0
1116,11,0
1117,3,0
1118,1,1
1119,2,0
1120,44,1
1121,1,0
1122,13,1
1123,0,1
1124,1,0
1125,1,1
1126,0,1
1127,3,0
1128,15,1
1129,1,0
1130,2,0
1131,18,1
1132,3,0
1133,8,1
1134,3,0
1135,3,0
1136,0,0
1137,4,0
1138,11,1
1139,1,0
1140,2,0
1141,0,1
1142,1,0
1143,1,0
1144,16,1
1145,0,0
1146,11,1
1147,1,0
1148,0,0
1149,3,1
1150,4,0
1151,1,0
1152,0,1
1153,8,0
1154,5,1
1155,2,0
1156,2,1
1157,29,0
1158,9,1
1159,22,0
1160,20,1
1161,25,1
1162,1,0
1163,1,0
1164,1,0
1165,6,0
1166,4,0
1167,38,1
1168,4,0
1169,1,1
1170,2,0
1171,12,0
1172,5,0
1173,3,0
1174,0,1
1175,0,1
1176,0,1
1177,3,1
1178,4,0
1179,1,0
1180,0,0
1181,2,0
1182,1,0
1183,12,0
1184,1,0
1185,4,0
1186,5,0
1187,0,0
1188,1,0
1189,5,1
1190,3,0
1191,3,0
1192,8,1
1193,0,0
1194,0,0
1195,2,0
1196,3,0
1197,1,0
1198,0,0
1199,0,0
1200,0,0
1201,0,0
1202,4,0
1203,3,1
1204,9,0
1205,0,0
1206,1,1
1207,1,1
1208,0,0
1209,0,0
1210,0,0
1211,9,0
1212,54,0
1213,4,0
1214,54,1
1215,0,1
1216,1,1
1217,3,0
1218,22,1
1219,4,0
1220,10,0
1221,5,0
1222,0,0
1223,2,1
1224,1,0
1225,0,1
1226,0,0
1227,3,0
1228,5,0
1229,0,0
1230,1,0
1231,3,0
1232,2,0
1233,0,1
1234,4,0
1235,1,0
1236,5,1
1237,1,0
1238,1,0
1239,0,0
1240,0,1
1241,8,1
1242,2,0
1243,2,0
1244,1,0
1245,4,0
1246,0,0
1247,0,0
1248,0,1
1249,1,0
1250,5,0
1251,57,1
1252,2,0
1253,17,1
1254,1,0
1255,0,0
1256,14,0
1257,44,1
1258,0,1
1259,7,0
1260,8,1
1261,10,1
1262,0,0
1263,0,0
1264,6,0
1265,0,0
1266,65,0
1267,0,0
1268,6,0
1269,0,0
1270,1,0
1271,4,0
1272,4,0
1273,23,1
1274,1,0
1275,6,0
1276,7,0
1277,0,0
1278,5,0
1279,2,1
1280,5,0
1281,6,0
1282,2,0
1283,2,0
1284,2,0
1285,0,1
1286,0,0
1287,18,1
1288,7,1
1289,2,0
1290,2,0
1291,6,0
1292,5,0
1293,3,1
1294,4,0
1295,5,0
1296,1,1
1297,0,1
1298,3,1
1299,1,0
1300,2,0
1301,0,0
1302,4,0
1303,6,0
1304,7,1
1305,0,0
1306,84,1
1307,49,0
1308,4,0
1309,0,1
1310,1,0
1311,7,0
1312,0,0
1313,3,0
1314,3,0
1315,5,0
1316,0,0
1317,3,0
1318,1,0
1319,7,0
1320,0,0
1321,0,1
1322,0,1
1323,0,0
1324,2,0
1325,1,0
1326,0,0
1327,4,1
1328,0,1
1329,7,0
1330,0,1
1331,1,1
1332,1,1
1333,9,1
1334,14,0
1335,3,0
1336,0,0
1337,0,0
1338,2,1
1339,3,0
1340,3,0
1341,2,1
1342,0,0
1343,2,0
1344,1,0
1345,1,0
1346,1,0
1347,4,0
1348,1,1
1349,0,1
1350,0,1
1351,0,1
1352,6,0
1353,1,0
1354,1,1
1355,1,0
1356,2,0
1357,3,0
1358,4,1
1359,30,1
1360,1,0
1361,34,0
1362,5,0
1363,0,0
1364,1,1
1365,0,0
1366,0,1
1367,0,0
1368,1,0
1369,6,0
1370,89,1
1371,4,0
1372,0,1
1373,84,1
1374,3,0
1375,15,1
1376,0,0
1377,6,0
1378,2,0
1379,2,0
1380,0,1
1381,2,0
1382,3,0
1383,0,1
1384,15,0
1385,1,0
1386,3,0
1387,9,1
1388,0,1
1389,3,1
1390,3,0
1391,3,0
1392,3,0
1393,5,1
1394,0,1
1395,6,1
1396,2,0
1397,17,0
1398,2,0
1399,0,0
1400,35,0
1401,2,0
1402,6,0
1403,1,0
1404,11,1
1405,68,0
1406,1,0
1407,2,0
1408,1,1
1409,21,1
1410,7,0
1411,12,0
1412,0,0
1413,52,1
1414,15,0
1415,1,0
1416,6,1
1417,12,1
1418,25,0
1419,10,0
1420,6,0
1421,8,0
1422,0,1
1423,43,1
1424,3,0
1425,0,1
1426,1,0
1427,5,0
1428,0,0
1429,2,0
1430,5,1
1431,0,0
1432,0,0
1433,0,0
1434,1,0
1435,2,1
1436,0,0
1437,0,0
1438,6,0
1439,1,1
1440,0,0
1441,13,0
1442,20,0
1443,1,0
1444,2,1
1445,6,0
1446,2,1
1447,2,0
1448,14,0
1449,2,0
1450,39,0
1451,3,0
1452,1,0
1453,5,1
1454,2,0
1455,3,0
1456,1,0
1457,0,0
1458,0,0
1459,4,0
1460,1,1
1461,6,0
1462,0,0
1463,0,0
1464,0,1
1465,3,1
1466,2,1
1467,0,0
1468,0,0
1469,7,1
1470,0,0
1471,4,1
1472,6,0
1473,4,0
1474,2,1
1475,3,0
1476,0,0
1477,0,0
1478,4,1
1479,2,0
1480,0,1
1481,0,1
1482,1,0
1483,1,1
1484,2,0
1485,10,0
1486,0,0
1487,2,0
1488,0,0
1489,0,0
1490,0,0
1491,2,1
1492,23,1
1493,0,0
1494,4,0
1495,2,0
1496,1,0
1497,39,1
1498,0,1
1499,0,0
1500,0,0
1501,5,1
1502,2,0
1503,8,0
1504,34,0
1505,9,1
1506,0,0
1507,0,0
1508,7,1
1509,0,0
1510,2,0
1511,0,0
1512,4,0
1513,2,1
1514,24,0
1515,0,1
1516,5,1
1517,0,0
1518,0,0
1519,0,0
1520,4,0
1521,0,1
1522,2,0
1523,4,0
1524,37,0
1525,7,0
1526,1,0
1527,2,0
1528,1,0
1529,2,0
1530,4,1
1531,8,1
1532,0,0
1533,3,1
1534,20,0
1535,21,0
1536,0,0
1537,0,0
1538,2,0
1539,7,0
1540,5,0
1541,0,1
1542,27,1
1543,1,0
1544,1,0
1545,0,1
1546,0,1
1547,67,0
1548,4,0
1549,3,0
1550,9,1
1551,0,0
1552,16,0
1553,1,1
1554,30,0
1555,6,0
1556,48,0
1557,5,0
1558,8,0
1559,6,1
1560,0,0
1561,3,0
1562,2,0
1563,0,0
1564,1,0
1565,58,0
1566,9,0
1567,10,0
1568,13,1
1569,0,1
1570,32,0
1571,0,1
1572,2,0
1573,3,0
1574,3,1
1575,0,0
1576,0,1
1577,18,0
1578,0,0
1579,1,0
1580,5,0
1581,5,0
1582,2,0
1583,3,0
1584,0,0
1585,52,0
1586,3,0
1587,0,1
1588,7,1
1589,1,0
1590,0,0
1591,4,0
1592,1,1
1593,6,0
1594,2,0
1595,0,0
1596,1,0
1597,17,1
1598,6,0
1599,1,0
1600,6,0
1601,3,0
1602,12,1
1603,5,0
1604,6,1
1605,3,1
1606,7,0
1607,1,0
1608,1,0
1609,5,1
1610,2,0
1611,0,0
1612,7,0
1613,1,1
1614,2,0
1615,3,0
1616,1,0
1617,4,0
1618,20,0
1619,8,0
1620,9,1
1621,14,0
1622,2,0
1623,5,1
1624,6,0
1625,11,1
1626,0,0
1627,0,0
1628,31,0
1629,55,0
1630,2,0
1631,6,0
1632,2,0
1633,9,0
1634,12,0
1635,1,0
1636,0,0
1637,0,0
1638,0,0
1639,8,1
1640,0,0
1641,1,0
1642,0,0
1643,0,0
1644,0,0
1645,22,0
1646,1,1
1647,13,0
1648,0,1
1649,16,1
1650,7,0
1651,7,0
1652,2,0
1653,1,1
1654,1,0
1655,3,1
1656,6,0
1657,0,0
1658,2,1
1659,0,0
1660,0,1
1661,2,0
1662,7,1
1663,10,0
1664,1,0
1665,6,0
1666,4,1
1667,4,0
1668,49,1
1669,39,1
1670,0,1
1671,12,0
1672,0,1
1673,0,0
1674,17,0
1675,19,0
1676,5,1
1677,27,1
1678,18,0
1679,0,0
1680,4,0
1681,0,0
1682,0,0
1683,0,0
1684,7,0
1685,1,0
1686,3,0
1687,1,0
1688,4,0
1689,4,0
1690,6,1
1691,1,1
1692,3,0
1693,2,0
1694,0,0
1695,2,0
1696,0,0
1697,16,1
1698,0,0
1699,29,1
1700,0,0
1701,9,0
1702,5,0
1703,21,0
1704,0,0
1705,0,0
1706,14,0
1707,1,1
1708,5,0
1709,2,0
1710,2,1
1711,46,1
1712,0,1
1713,0,0
1714,0,0
1715,1,0
1716,3,0
1717,2,0
1718,2,0
1719,4,0
1720,1,0
1721,1,0
1722,0,0
1723,0,0
1724,22,1
1725,9,1
1726,1,0
1727,2,0
1728,4,0
1729,2,0
1730,0,1
1731,0,0
1732,0,0
1733,1,0
1734,2,1
1735,0,0
1736,33,0
1737,0,1
1738,0,0
1739,8,0
1740,9,0
1741,5,1
1742,0,0
1743,1,1
1744,5,0
1745,1,0
1746,0,0
1747,1,0
1748,2,0
1749,15,0
1750,3,0
1751,5,0
1752,0,0
1753,0,0
1754,8,0
1755,33,0
1756,0,0
1757,18,0
1758,0,1
1759,8,0
1760,1,0
1761,19,1
1762,1,0
1763,1,0
1764,6,1
1765,0,1
1766,4,0
1767,9,0
1768,5,0
1769,5,1
1770,7,0
1771,8,1
1772,1,0
1773,10,0
1774,9,0
1775,0,1
1776,0,0
1777,2,0
1778,3,0
1779,8,1
1780,3,0
1781,1,1
1782,8,0
1783,10,1
1784,9,1
1785,17,1
1786,0,0
1787,4,0
1788,5,1
1789,0,0
1790,6,0
1791,1,1
1792,45,0
1793,0,1
1794,0,0
1795,10,0
1796,4,1
1797,2,0
1798,55,0
1799,0,1
1800,1,0
1801,1,0
1802,0,0
1803,2,0
1804,1,1
1805,3,0
1806,16,0
1807,6,0
1808,1,0
1809,42,1
1810,1,0
1811,4,0
1812,0,0
1813,1,0
1814,15,1
1815,2,0
1816,14,0
1817,22,1
1818,3,1
1819,1,0
1820,0,0
1821,1,1
1822,8,0
1823,3,0
1824,4,0
1825,2,0
1826,2,1
1827,7,0
1828,3,0
1829,0,0
1830,6,1
1831,73,0
1832,18,1
1833,3,0
1834,12,0
1835,1,0
1836,0,0
1837,2,1
1838,0,0
1839,3,0
1840,1,0
1841,3,0
1842,3,0
1843,1,0
1844,0,1
1845,2,0
1846,0,1
1847,51,1
1848,0,1
1849,9,1
1850,0,0
1851,7,0
1852,0,0
1853,4,0
1854,9,0
1855,5,1
1856,18,0
1857,0,0
1858,1,0
1859,21,0
1860,13,0
1861,15,0
1862,0,1
1863,5,0
1864,1,0
1865,2,0
1866,0,0
1867,19,0
1868,4,0
1869,0,0
1870,0,0
1871,2,1
1872,0,0
1873,2,0
1874,11,0
1875,0,1
1876,0,0
1877,3,0
1878,0,0
1879,0,0
1880,9,0
1881,13,1
1882,3,0
1883,7,1
1884,53,1
1885,1,0
1886,0,0
1887,5,0
1888,0,1
1889,1,0
1890,18,1
1891,4,0
1892,0,0
1893,0,0
1894,0,1
1895,0,0
1896,16,1
1897,0,0
1898,0,0
1899,21,0
1900,6,0
1901,7,1
1902,6,0
1903,0,0
1904,10,0
1905,6,0
1906,2,0
1907,0,1
1908,0,1
1909,14,1
1910,1,1
1911,37,1
1912,0,0
1913,22,1
1914,0,1
1915,0,0
1916,2,1
1917,2,0
1918,0,0
1919,1,0
1920,1,1
1921,11,1
1922,4,0
1923,32,0
1924,0,1
1925,13,0
1926,2,1
1927,4,0
1928,13,1
1929,7,0
1930,5,0
1931,0,1
1932,2,0
1933,0,1
1934,0,0
1935,3,0
1936,3,0
1937,0,0
1938,1,0
1939,1,0
1940,1,0
1941,1,1
1942,1,1
1943,1,1
1944,3,0
1945,8,1
1946,1,0
1947,4,1
1948,45,1
1949,2,0
1950,2,0
1951,8,1
1952,1,1
1953,3,0
1954,0,0
1955,15,0
1956,26,1
1957,9,1
1958,26,0
1959,4,0
1960,0,0
1961,34,1
1962,4,0
1963,9,1
1964,5,0
1965,21,1
1966,4,0
1967,0,1
1968,1,0
1969,9,0
1970,0,0
1971,2,0
1972,6,1
1973,3,0
1974,11,1
1975,0,0
1976,1,0
1977,0,0
1978,3,0
1979,1,0
1980,1,0
1981,5,0
1982,0,0
1983,6,0
1984,2,0
1985,12,0
1986,5,1
1987,3,1
1988,7,0
1989,11,0
1990,4,0
1991,22,1
1992,1,1
1993,2,1
1994,0,0
1995,24,0
1996,18,0
1997,0,0
1998,6,1
1999,0,0
2000,1,0
2001,0,0
2002,41,1
2003,34,1
2004,0,0
2005,7,0
2006,3,0
2007,22,0
2008,6,0
2009,6,0
2010,0,0
2011,5,0
2012,1,0
2013,0,0
2014,20,0
2015,3,0
2016,0,0
2017,0,1
2018,2,1
2019,0,0
2020,8,1
2021,7,1
2022,23,0
2023,30,1
2024,14,0
2025,22,0
2026,2,0
2027,2,0
2028,5,1
2029,3,0
2030,19,0
2031,19,0
2032,6,0
2033,6,0
2034,1,0
2035,1,0
2036,1,0
2037,4,1
2038,0,0
2039,26,1
2040,8,0
2041,4,0
2042,0,0
2043,11,1
2044,3,1
2045,5,1
2046,5,1
2047,1,0
2048,0,0
2049,9,1
2050,10,0
2051,2,0
2052,3,0
2053,11,0
2054,2,0
2055,0,0
2056,0,0
2057,8,0
2058,26,1
2059,12,1
2060,5,0
2061,20,0
2062,18,0
2063,1,0
2064,9,1
2065,1,1
2066,3,0
2067,2,0
2068,2,1
2069,4,0
2070,21,0
2071,18,1
2072,2,0
2073,11,1
2074,2,0
2075,11,0
2076,4,1
2077,2,0
2078,22,1
2079,9,1
2080,10,0
2081,52,1
2082,0,0
2083,1,1
2084,0,0
2085,1,0
2086,1,0
2087,3,0
2088,3,0
2089,0,0
2090,5,0
2091,4,0
2092,1,0
2093,2,0
2094,5,0
2095,1,1
2096,0,0
2097,18,1
2098,0,0
2099,7,0
2100,0,0
2101,0,0
2102,0,1
2103,2,0
2104,1,0
2105,28,1
2106,8,0
2107,2,0
2108,0,0
2109,1,0
2110,1,0
2111,28,1
2112,5,0
2113,3,0
2114,1,0
2115,14,1
2116,0,1
2117,1,0
2118,4,0
2119,9,0
2120,7,1
2121,1,0
2122,0,0
2123,0,1
2124,3,1
2125,22,1
2126,0,0
2127,11,0
2128,34,1
2129,9,1
2130,1,0
2131,2,0
2132,5,0
2133,0,0
2134,1,0
2135,8,0
2136,0,0
2137,0,0
2138,5,0
2139,0,0
2140,24,0
2141,0,0
2142,37,0
2143,5,0
2144,0,0
2145,8,0
2146,11,0
2147,25,0
2148,1,0
2149,0,0
2150,1,0
2151,0,1
2152,4,1
2153,1,1
2154,1,1
2155,2,0
2156,1,0
2157,7,0
2158,0,1
2159,0,1
2160,9,1
2161,0,0
2162,6,0
2163,0,1
2164,1,0
2165,3,1
2166,15,1
2167,27,0
2168,12,1
2169,6,0
2170,0,0
2171,2,0
2172,71,0
2173,1,0
2174,6,0
2175,0,1
2176,1,0
2177,0,0
2178,34,1
2179,0,0
2180,0,1
2181,5,0
2182,0,0
2183,17,1
2184,1,0
2185,1,0
2186,7,0
2187,3,1
2188,3,0
2189,12,1
2190,2,1
2191,5,0
2192,19,0
2193,4,0
2194,4,0
2195,5,0
2196,2,0
2197,0,1
2198,7,0
2199,0,0
2200,4,0
2201,45,0
2202,1,0
2203,1,0
2204,0,0
2205,39,1
2206,21,0
2207,21,1
2208,23,1
2209,0,0
2210,3,0
2211,7,1
2212,2,0
2213,0,0
2214,1,0
2215,0,0
2216,0,0
2217,2,0
2218,65,0
2219,6,0
2220,3,0
2221,6,1
2222,2,0
2223,0,0
2224,0,0
2225,1,1
2226,4,1
2227,18,0
2228,1,0
2229,19,0
2230,1,0
2231,6,0
2232,0,0
2233,7,0
2234,0,0
2235,1,0
2236,3,1
2237,10,0
2238,1,0
2239,2,1
2240,5,0
2241,1,0
2242,55,0
2243,31,1
2244,4,0
2245,4,0
2246,1,0
2247,18,0
2248,2,0
2249,0,1
2250,0,0
2251,5,0
2252,11,1
2253,1,0
2254,9,0
2255,4,0
2256,27,1
2257,20,1
2258,0,0
2259,13,0
2260,2,1
2261,2,0
2262,0,1
2263,1,1
2264,6,0
2265,0,0
2266,12,0
2267,0,0
2268,15,0
2269,0,0
2270,4,1
2271,0,0
2272,10,0
2273,1,0
2274,7,0
2275,0,0
2276,2,0
2277,0,1
2278,6,1
2279,3,0
2280,0,1
2281,2,0
2282,1,0
2283,0,0
2284,0,0
2285,3,0
2286,0,0
2287,4,0
2288,77,0
2289,1,1
2290,17,1
2291,1,0
2292,1,0
2293,10,1
2294,2,0
2295,1,0
2296,32,1
2297,0,0
2298,4,1
2299,0,0
2300,10,0
2301,0,0
2302,25,1
2303,0,0
2304,0,0
2305,3,0
2306,8,0
2307,2,0
2308,0,0
2309,1,1
2310,3,0
2311,33,0
2312,53,0
2313,6,0
2314,1,0
2315,1,0
2316,1,0
2317,2,1
2318,0,0
2319,10,0
2320,2,0
2321,1,0
2322,28,0
2323,19,0
2324,2,0
2325,6,0
2326,2,0
2327,2,1
2328,1,0
2329,0,1
2330,28,1
2331,45,0
2332,0,1
2333,3,0
2334,1,0
2335,0,0
2336,1,0
2337,22,1
2338,8,0
2339,15,0
2340,1,0
2341,13,0
2342,1,0
2343,5,1
2344,0,0
2345,3,0
2346,5,0
2347,2,0
2348,1,0
2349,0,0
2350,0,0
2351,5,1
2352,3,1
2353,0,0
2354,4,1
2355,0,0
2356,23,0
2357,2,1
2358,2,0
2359,0,1
2360,1,0
2361,1,0
2362,0,1
2363,3,0
2364,5,0
2365,0,0
2366,6,1
2367,6,1
2368,0,1
2369,3,0
2370,35,0
2371,6,0
2372,1,1
2373,2,0
2374,9,1
2375,18,1
2376,1,0
2377,8,0
2378,22,1
2379,2,0
2380,0,0
2381,1,0
2382,62,1
2383,1,1
2384,2,0
2385,1,1
2386,4,0
2387,0,0
2388,67,0
2389,1,0
2390,4,0
2391,5,1
2392,0,0
2393,16,0
2394,2,0
2395,6,0
2396,35,1
2397,0,0
2398,2,1
2399,0,1
2400,22,1
2401,0,0
2402,4,0
2403,1,0
2404,1,0
2405,3,1
2406,6,1
2407,17,0
2408,4,1
2409,0,0
2410,1,0
2411,0,0
2412,0,1
2413,1,0
2414,0,1
2415,0,0
2416,7,0
2417,0,0
2418,1,0
2419,5,0
2420,1,0
2421,8,0
2422,6,0
2423,0,1
2424,51,1
2425,0,0
2426,4,1
2427,1,0
2428,2,1
2429,1,0
2430,0,0
2431,0,0
2432,4,0
2433,2,0
2434,25,0
2435,3,0
2436,2,0
2437,6,1
2438,0,1
2439,0,0
2440,2,0
2441,1,0
2442,7,0
2443,5,0
2444,1,0
2445,0,0
2446,0,1
2447,6,1
2448,0,1
2449,2,0
2450,0,0
2451,3,1
2452,0,1
2453,1,0
2454,8,0
2455,1,0
2456,2,0
2457,5,1
2458,3,0
2459,0,0
2460,10,0
2461,1,1
2462,9,1
2463,0,0
2464,0,1
2465,8,1
2466,2,0
2467,23,0
2468,6,0
2469,2,0
2470,2,0
2471,10,1
2472,1,1
2473,21,1
2474,2,1
2475,1,0
2476,14,1
2477,23,0
2478,2,0
2479,6,0
2480,9,1
2481,20,1
2482,3,0
2483,16,1
2484,9,0
2485,35,0
2486,4,0
2487,8,1
2488,0,0
2489,0,0
2490,6,1
2491,5,0
2492,10,0
2493,1,0
2494,1,0
2495,1,0
2496,0,0
2497,7,0
2498,12,0
2499,11,1
2500,0,1
2501,1,0
2502,0,0
2503,0,1
2504,23,1
2505,1,0
2506,4,0
2507,4,1
2508,3,0
2509,2,0
2510,12,0
2511,6,0
2512,0,0
2513,3,0
2514,5,1
2515,13,0
2516,0,1
2517,4,0
2518,0,0
2519,5,0
2520,4,1
2521,2,0
2522,1,0
2523,0,0
2524,6,0
2525,4,1
2526,51,0
2527,3,0
2528,0,0
2529,18,0
2530,0,0
2531,1,0
2532,5,1
2533,1,0
2534,5,0
2535,3,0
2536,0,0
2537,4,1
2538,18,0
2539,0,0
2540,1,0
2541,2,1
2542,5,0
2543,62,1
2544,21,1
2545,9,0
2546,6,0
2547,0,0
2548,1,1
2549,0,0
2550,0,0
2551,15,0
2552,2,1
2553,0,0
2554,1,0
2555,0,0
2556,12,1
2557,2,0
2558,0,0
2559,2,0
2560,0,1
2561,9,0
2562,0,0
2563,0,0
2564,2,0
2565,5,0
2566,8,1
2567,0,1
2568,13,1
2569,8,1
2570,2,0
2571,7,0
2572,11,1
2573,0,0
2574,0,1
2575,0,0
2576,2,0
2577,32,1
2578,25,1
2579,5,1
2580,2,0
2581,0,0
2582,2,0
2583,3,1
2584,5,0
2585,1,0
2586,0,0
2587,5,1
2588,46,1
2589,0,0
2590,2,0
2591,0,0
2592,10,0
2593,2,1
2594,0,0
2595,3,0
2596,3,0
2597,8,0
2598,2,1
2599,34,1
2600,1,0
2601,1,0
2602,2,0
2603,180,1
2604,18,1
2605,17,0
2606,0,0
2607,2,0
2608,0,0
2609,10,0
2610,0,0
2611,0,0
2612,3,0
2613,2,0
2614,46,0
2615,8,1
2616,4,0
2617,0,1
2618,1,0
2619,7,1
2620,28,0
2621,0,1
2622,2,0
2623,26,1
2624,5,0
2625,11,0
2626,0,1
2627,6,1
2628,0,0
2629,18,1
2630,1,0
2631,1,0
2632,7,0
2633,13,0
2634,0,0
2635,0,0
2636,7,0
2637,8,0
2638,4,0
2639,2,0
2640,6,1
2641,14,1
2642,3,0
2643,0,0
2644,0,0
2645,0,1
2646,9,0
2647,4,0
2648,0,0
2649,7,0
2650,0,0
2651,53,1
2652,7,0
2653,0,0
2654,14,0
2655,10,1
2656,1,0
2657,1,1
2658,0,0
2659,1,1
2660,3,0
2661,0,0
2662,1,0
2663,12,1
2664,6,1
2665,1,0
2666,5,0
2667,3,1
2668,9,0
2669,1,0
2670,1,0
2671,5,0
2672,0,0
2673,4,0
2674,2,0
2675,3,1
2676,0,0
2677,46,1
2678,7,1
2679,4,1
2680,12,1
2681,22,1
2682,2,0
2683,4,0
2684,5,0
2685,0,0
2686,1,0
2687,1,0
2688,3,0
2689,2,1
2690,0,0
2691,4,1
2692,6,1
2693,0,0
2694,0,0
2695,20,0
2696,3,0
2697,28,0
2698,15,1
2699,10,1
2700,1,0
2701,0,0
2702,2,0
2703,12,0
2704,6,0
2705,0,0
2706,30,1
2707,0,0
2708,2,0
2709,3,0
2710,4,1
2711,1,1
2712,8,0
2713,28,0
2714,1,0
2715,0,0
2716,0,0
2717,27,1
2718,8,0
2719,0,0
2720,0,0
2721,1,0
2722,1,0
2723,3,0
2724,1,0
2725,9,1
2726,5,0
2727,1,1
2728,3,0
2729,3,0
2730,2,0
2731,1,1
2732,1,1
2733,7,0
2734,3,0
2735,13,0
2736,5,0
2737,4,0
2738,0,0
2739,7,1
2740,9,0
2741,3,0
2742,10,0
2743,12,1
2744,0,0
2745,2,0
2746,0,0
2747,0,0
2748,0,0
2749,0,1
2750,4,1
2751,2,0
2752,14,0
2753,1,0
2754,0,0
2755,19,0
2756,20,1
2757,4,0
2758,3,0
2759,0,1
2760,0,0
2761,4,0
2762,17,1
2763,1,0
2764,4,0
2765,12,1
2766,50,1
2767,1,0
2768,0,0
2769,4,0
2770,7,0
2771,2,1
2772,0,0
2773,9,1
2774,1,1
2775,1,0
2776,6,1
2777,2,0
2778,1,0
2779,6,0
2780,0,0
2781,17,0
2782,3,0
2783,11,0
2784,0,1
2785,6,0
2786,0,1
2787,7,0
2788,8,1
2789,0,0
2790,1,0
2791,0,0
2792,0,0
2793,10,0
2794,14,1
2795,3,0
2796,6,0
2797,14,0
2798,4,0
2799,8,1
2800,0,0
2801,0,0
2802,2,0
2803,0,0
2804,7,1
2805,15,0
2806,9,1
2807,2,0
2808,8,0
2809,6,0
2810,37,1
2811,0,0
2812,0,0
2813,1,0
2814,1,0
2815,0,1
2816,1,0
2817,0,0
2818,1,1
2819,0,0
2820,11,1
2821,4,1
2822,3,0
2823,0,0
2824,0,0
2825,84,1
2826,3,1
2827,5,0
2828,0,0
2829,2,1
2830,0,0
2831,0,0
2832,0,0
2833,0,0
2834,4,0
2835,9,0
2836,2,1
2837,13,0
2838,39,1
2839,0,0
2840,19,1
2841,0,0
2842,3,1
2843,3,0
2844,0,0
2845,9,0
2846,0,0
2847,2,1
2848,0,0
2849,3,0
2850,51,1
2851,0,1
2852,1,0
2853,2,1
2854,0,1
2855,0,0
2856,0,0
2857,3,0
2858,1,0
2859,1,0
2860,7,1
2861,0,0
2862,2,0
2863,7,1
2864,12,1
2865,1,0
2866,2,0
2867,0,0
2868,11,0
2869,0,0
2870,7,1
2871,0,0
2872,0,1
2873,15,1
2874,0,0
2875,11,1
2876,0,0
2877,2,0
2878,2,0
2879,17,1
2880,0,0
2881,4,1
2882,7,1
2883,1,1
2884,4,0
2885,7,1
2886,1,0
2887,13,0
2888,12,0
2889,3,1
2890,7,1
2891,22,0
2892,4,1
2893,0,0
2894,9,0
2895,2,0
2896,12,1
2897,0,0
2898,10,0
2899,13,0
2900,21,0
2901,4,1
2902,1,0
2903,2,0
2904,3,0
2905,0,0
2906,0,0
2907,1,0
2908,1,1
2909,0,0
2910,13,1
2911,0,0
2912,1,1
2913,0,1
2914,5,0
2915,0,0
2916,8,1
2917,3,0
2918,1,0
2919,7,1
2920,3,0
2921,0,0
2922,48,1
2923,24,1
2924,2,1
2925,0,0
2926,18,1
2927,0,0
2928,13,1
2929,0,0
2930,0,1
2931,3,0
2932,0,1
2933,1,0
2934,2,0
2935,14,1
2936,0,0
2937,1,0
2938,2,0
2939,0,1
2940,0,0
2941,45,1
2942,0,0
2943,10,0
2944,7,1
2945,1,0
2946,0,0
2947,12,0
2948,25,1
2949,24,0
2950,3,0
2951,10,1
2952,3,0
2953,16,0
2954,10,0
2955,7,1
2956,3,0
2957,0,0
2958,0,0
2959,5,0
2960,5,0
2961,9,0
2962,3,0
2963,3,0
2964,0,0
2965,10,0
2966,0,0
2967,3,0
2968,1,0
2969,7,0
2970,0,1
2971,1,1
2972,4,1
2973,1,0
2974,1,0
2975,0,0
2976,2,0
2977,0,0
2978,1,1
2979,3,0
2980,2,0
2981,1,0
2982,0,0
2983,2,0
2984,10,0
2985,0,0
2986,6,0
2987,7,1
2988,0,0
2989,2,0
2990,0,0
2991,3,1
2992,0,1
2993,2,0
2994,2,0
2995,0,1
2996,2,0
2997,6,0
2998,3,1
2999,0,0
3000,2,0
3001,11,1
3002,2,0
3003,3,0
3004,4,0
3005,0,0
3006,25,1
3007,0,0
3008,4,0
3009,4,0
3010,23,1
3011,0,0
3012,3,1
3013,0,1
3014,7,0
3015,0,0
3016,0,0
3017,15,0
3018,0,0
3019,0,0
3020,1,0
3021,14,0
3022,0,0
3023,0,1
3024,8,0
3025,1,1
3026,16,1
3027,5,0
3028,1,0
3029,0,0
3030,3,0
3031,1,0
3032,32,0
3033,5,0
3034,8,0
3035,26,1
3036,2,0
3037,3,0
3038,6,0
3039,25,0
3040,4,0
3041,1,0
3042,4,0
3043,0,0
3044,2,0
3045,1,0
3046,8,1
3047,1,1
3048,0,1
3049,4,1
3050,4,0
3051,51,1
3052,24,0
3053,2,0
3054,1,0
3055,2,0
3056,3,0
3057,1,0
3058,2,0
3059,0,0
3060,3,0
3061,0,0
3062,0,0
3063,6,0
3064,4,1
3065,5,0
3066,4,0
3067,0,1
3068,0,1
3069,5,0
3070,13,0
3071,1,0
3072,2,1
3073,0,0
3074,0,1
3075,5,0
3076,0,1
3077,15,0
3078,17,0
3079,1,0
3080,3,0
3081,1,0
3082,19,0
3083,0,1
3084,1,0
3085,0,0
3086,2,0
3087,1,1
3088,0,0
3089,3,1
3090,23,1
3091,4,1
3092,23,1
3093,21,1
3094,0,1
3095,7,0
3096,8,0
3097,2,0
3098,7,1
3099,1,0
3100,1,0
3101,1,1
3102,0,0
3103,0,0
3104,9,0
3105,3,0
3106,2,0
3107,0,0
3108,3,0
3109,1,1
3110,1,0
3111,4,0
3112,0,0
3113,0,0
3114,3,0
3115,4,0
3116,0,1
3117,1,1
3118,5,0
3119,5,0
3120,3,0
3121,0,0
3122,0,0
3123,1,0
3124,12,0
3125,3,1
3126,0,0
3127,0,0
3128,2,1
3129,4,0
3130,9,1
3131,2,1
3132,3,0
3133,0,0
3134,1,0
3135,1,0
3136,0,0
3137,7,0
3138,5,0
3139,1,1
3140,6,1
3141,5,0
3142,11,1
3143,18,0
3144,15,0
3145,16,0
3146,14,0
3147,5,1
3148,10,0
3149,5,0
3150,4,0
3151,1,0
3152,4,0
3153,5,1
3154,93,1
3155,1,1
3156,0,0
3157,2,0
3158,22,0
3159,40,1
3160,0,0
3161,3,0
3162,0,0
3163,1,1
3164,5,1
3165,0,0
3166,2,0
3167,0,0
3168,4,0
3169,0,0
3170,0,0
3171,1,0
3172,1,0
3173,0,1
3174,0,0
3175,1,0
3176,0,0
3177,8,0
3178,8,0
3179,31,1
3180,4,0
3181,0,0
3182,1,1
3183,0,1
3184,19,1
3185,0,0
3186,3,0
3187,2,0
3188,4,1
3189,1,1
3190,0,0
3191,3,1
3192,0,1
3193,6,1
3194,1,0
3195,0,0
3196,2,0
3197,32,1
3198,8,0
3199,4,0
3200,10,0
3201,17,1
3202,11,0
3203,21,1
3204,20,1
3205,5,1
3206,13,0
3207,3,0
3208,0,1
3209,0,1
3210,0,1
3211,6,1
3212,9,0
3213,4,1
3214,0,0
3215,4,1
3216,37,0
3217,3,1
3218,1,0
3219,3,0
3220,3,0
3221,3,1
3222,2,0
3223,10,1
3224,7,0
3225,1,0
3226,4,0
3227,3,0
3228,0,0
3229,15,1
3230,5,0
3231,3,0
3232,3,1
3233,0,0
3234,12,0
3235,12,0
3236,8,0
3237,1,0
3238,21,1
3239,2,0
3240,0,0
3241,3,0
3242,63,0
3243,14,0
3244,1,0
3245,6,0
3246,8,0
3247,9,1
3248,3,0
3249,7,0
3250,1,0
3251,3,0
3252,1,0
3253,0,0
3254,0,1
3255,0,1
3256,3,0
3257,10,1
3258,2,0
3259,5,0
3260,3,0
3261,13,1
3262,1,0
3263,0,0
3264,3,1
3265,1,1
3266,0,0
3267,1,0
3268,8,1
3269,3,0
3270,15,1
3271,1,0
3272,1,0
3273,2,0
3274,14,0
3275,1,1
3276,0,0
3277,1,1
3278,0,0
3279,5,0
3280,7,0
3281,3,0
3282,8,1
3283,1,0
3284,0,1
3285,2,1
3286,4,0
3287,23,0
3288,1,0
3289,0,0
3290,15,0
3291,2,0
3292,0,0
3293,1,0
3294,0,1
3295,2,0
3296,6,1
3297,16,1
3298,1,0
3299,0,0
3300,1,0
3301,7,0
3302,10,0
3303,1,1
3304,8,0
3305,0,1
3306,17,0
3307,13,1
3308,0,0
3309,4,0
3310,3,0
3311,1,0
3312,3,1
3313,19,0
3314,6,1
3315,17,1
3316,0,1
3317,0,1
3318,3,0
3319,1,1
3320,1,0
3321,0,0
3322,6,1
3323,5,1
3324,0,0
3325,1,0
3326,6,0
3327,2,0
3328,8,0
3329,2,0
3330,0,0
3331,5,1
3332,19,1
3333,20,0
3334,1,0
3335,40,1
3336,0,0
3337,1,0
3338,5,0
3339,50,0
3340,14,1
3341,3,0
3342,4,0
3343,0,1
3344,8,0
3345,0,0
3346,4,0
3347,0,0
3348,0,0
3349,14,0
3350,2,0
3351,4,0
3352,0,0
3353,2,0
3354,1,0
3355,0,1
3356,5,1
3357,4,0
3358,0,0
3359,2,0
3360,1,0
3361,0,0
3362,16,0
3363,1,0
3364,0,0
3365,6,0
3366,0,0
3367,0,0
3368,4,1
3369,13,1
3370,4,0
3371,1,0
3372,1,0
3373,0,1
3374,2,0
3375,3,0
3376,0,0
3377,21,0
3378,0,1
3379,5,0
3380,16,0
3381,4,0
3382,0,0
3383,21,1
3384,40,1
3385,3,0
3386,0,0
3387,6,0
3388,0,0
3389,5,0
3390,5,1
3391,12,0
3392,2,0
3393,1,0
3394,0,1
3395,1,0
3396,0,0
3397,3,0
3398,18,1
3399,57,1
3400,0,0
3401,1,0
3402,0,1
3403,0,0
3404,5,1
3405,0,0
3406,0,1
3407,0,0
3408,5,0
3409,2,1
3410,3,1
3411,15,0
3412,0,1
3413,6,1
3414,11,1
3415,1,0
3416,9,0
3417,7,0
3418,0,0
3419,5,0
3420,0,0
3421,2,1
3422,0,0
3423,4,0
3424,1,1
3425,1,0
3426,0,0
3427,0,0
3428,1,0
3429,0,1
3430,1,0
3431,0,0
3432,11,0
3433,68,1
3434,0,0
3435,0,0
3436,5,0
3437,0,1
3438,1,0
3439,1,0
3440,0,1
3441,2,0
3442,0,0
3443,0,0
3444,12,0
3445,10,0
3446,0,0
3447,5,0
3448,0,0
3449,1,0
3450,0,1
3451,0,0
3452,21,0
3453,9,1
3454,2,1
3455,3,0
3456,0,0
3457,2,1
3458,17,1
3459,6,0
3460,2,0
3461,2,1
3462,4,0
3463,0,0
3464,1,0
3465,4,1
3466,3,0
3467,1,1
3468,1,0
3469,1,0
3470,8,1
3471,0,0
3472,1,0
3473,1,0
3474,1,1
3475,1,0
3476,3,0
3477,0,0
3478,2,0
3479,5,0
3480,2,1
3481,0,0
3482,0,1
3483,2,0
3484,1,0
3485,26,1
3486,0,0
3487,0,1
3488,0,1
3489,0,0
3490,5,0
3491,3,0
3492,0,0
3493,2,1
3494,0,0
3495,0,1
3496,35,1
3497,2,0
3498,7,0
3499,4,1
3500,0,0
3501,2,0
3502,5,1
3503,10,1
3504,0,0
3505,4,0
3506,0,0
3507,0,0
3508,8,0
3509,5,0
3510,21,0
3511,3,0
3512,1,0
3513,3,1
3514,1,0
3515,0,0
3516,40,1
3517,2,0
3518,4,0
3519,1,0
3520,15,0
3521,0,0
3522,1,0
3523,13,0
3524,3,0
3525,45,0
3526,1,1
3527,7,1
3528,0,0
3529,1,0
3530,2,0
3531,3,0
3532,8,0
3533,2,0
3534,9,1
3535,2,0
3536,2,0
3537,1,1
3538,4,0
3539,2,1
3540,1,0
3541,0,0
3542,18,0
3543,0,0
3544,1,0
3545,4,0
3546,17,0
3547,6,0
3548,2,0
3549,2,0
3550,0,0
3551,0,0
3552,0,1
3553,1,0
3554,6,0
3555,2,0
3556,0,0
3557,1,1
3558,2,0
3559,6,0
3560,17,0
3561,6,1
3562,0,1
3563,33,1
3564,1,0
3565,0,1
3566,5,0
3567,19,0
3568,15,1
3569,1,0
3570,49,1
3571,24,1
3572,1,1
3573,58,0
3574,1,0
3575,0,0
3576,9,0
3577,1,0
3578,2,1
3579,3,0
3580,26,0
3581,0,0
3582,2,0
3583,2,0
3584,1,0
3585,0,0
3586,0,0
3587,0,1
3588,1,0
3589,0,0
3590,0,0
3591,2,0
3592,0,0
3593,2,0
3594,1,0
3595,1,1
3596,0,0
3597,0,0
3598,2,0
3599,62,1
3600,5,1
3601,2,1
3602,15,0
3603,0,0
3604,6,0
3605,0,0
3606,8,0
3607,3,0
3608,5,0
3609,2,0
3610,0,0
3611,0,1
3612,3,0
3613,0,0
3614,19,0
3615,20,0
3616,2,0
3617,8,1
3618,1,0
3619,0,0
3620,4,0
3621,0,1
3622,12,0
3623,2,0
3624,6,1
3625,8,1
3626,3,0
3627,0,0
3628,5,0
3629,6,1
3630,0,0
3631,1,0
3632,1,0
3633,5,0
3634,46,0
3635,2,1
3636,4,0
3637,0,0
3638,0,0
3639,5,0
3640,5,1
3641,1,0
3642,21,1
3643,0,0
3644,0,0
3645,6,1
3646,19,1
3647,6,1
3648,4,0
3649,5,0
3650,7,0
3651,12,0
3652,8,0
3653,1,1
3654,2,0
3655,0,0
3656,7,0
3657,10,0
3658,1,1
3659,5,0
3660,0,0
3661,5,1
3662,7,1
3663,0,0
3664,1,0
3665,3,1
3666,6,0
3667,0,0
3668,15,1
3669,0,0
3670,5,0
3671,2,0
3672,2,0
3673,0,0
3674,0,0
3675,23,1
3676,20,1
3677,5,0
3678,28,0
3679,32,1
3680,0,0
3681,2,1
3682,1,0
3683,3,0
3684,14,0
3685,14,0
3686,0,0
3687,0,1
3688,0,0
3689,19,1
3690,1,0
3691,30,1
3692,0,0
3693,7,1
3694,26,0
3695,18,1
3696,37,1
3697,5,1
3698,29,0
3699,4,0
3700,5,0
3701,9,0
3702,11,0
3703,13,0
3704,7,0
3705,0,0
3706,2,1
3707,0,0
3708,17,1
3709,35,0
3710,4,0
3711,5,1
3712,0,0
3713,2,0
3714,1,1
3715,92,0
3716,6,0
3717,8,0
3718,12,0
3719,0,0
3720,4,0
3721,0,1
3722,0,0
3723,2,0
3724,7,0
3725,0,0
3726,25,0
3727,1,0
3728,6,1
3729,3,0
3730,1,0
3731,19,1
3732,0,1
3733,0,1
3734,0,0
3735,48,1
3736,1,0
3737,16,1
3738,1,0
3739,53,0
3740,5,0
3741,0,1
3742,1,0
3743,2,0
3744,2,0
3745,2,0
3746,0,0
3747,10,1
3748,3,0
3749,2,0
3750,1,1
3751,0,0
3752,1,0
3753,0,1
3754,0,0
3755,0,0
3756,1,0
3757,12,0
3758,0,0
3759,0,1
3760,0,0
3761,1,0
3762,1,0
3763,0,0
3764,0,1
3765,0,0
3766,16,0
3767,1,0
3768,12,1
3769,6,0
3770,0,0
3771,0,1
3772,1,0
3773,19,1
3774,0,0
3775,14,0
3776,10,0
3777,1,1
3778,1,0
3779,3,0
3780,15,1
3781,0,0
3782,1,1
3783,3,0
3784,1,0
3785,1,0
3786,0,0
3787,0,0
3788,2,0
3789,0,1
3790,0,0
3791,1,1
3792,1,1
3793,3,0
3794,15,1
3795,1,1
3796,0,1
3797,1,0
3798,7,1
3799,1,0
3800,2,1
3801,1,0
3802,3,0
3803,0,1
3804,19,0
3805,0,0
3806,39,1
3807,2,0
3808,1,0
3809,1,0
3810,5,0
3811,3,0
3812,0,0
3813,0,0
3814,5,0
3815,3,0
3816,0,0
3817,0,0
3818,9,1
3819,0,0
3820,2,1
3821,0,0
3822,1,0
3823,9,0
3824,2,1
3825,8,0
3826,0,0
3827,25,1
3828,0,1
3829,0,0
3830,0,1
3831,4,0
3832,5,1
3833,8,0
3834,0,0
3835,33,1
3836,6,0
3837,3,0
3838,2,0
3839,6,1
3840,2,0
3841,0,1
3842,21,0
3843,0,0
3844,23,0
3845,1,0
3846,3,0
3847,0,0
3848,1,0
3849,4,1
3850,24,1
3851,2,0
3852,7,1
3853,1,0
3854,0,1
3855,3,0
3856,21,0
3857,0,0
3858,3,1
3859,0,0
3860,2,0
3861,1,0
3862,4,1
3863,1,1
3864,11,0
3865,19,0
3866,0,0
3867,0,0
3868,1,0
3869,21,0
3870,4,0
3871,0,0
3872,2,1
3873,1,0
3874,4,0
3875,14,1
3876,4,0
3877,0,0
3878,5,0
3879,5,1
3880,3,0
3881,1,0
3882,13,0
3883,35,1
3884,5,0
3885,11,1
3886,0,1
3887,12,0
3888,1,0
3889,6,0
3890,1,0
3891,0,1
3892,4,1
3893,35,0
3894,2,0
3895,2,0
3896,0,0
3897,1,0
3898,4,1
3899,1,0
3900,27,1
3901,0,0
3902,0,0
3903,2,0
3904,4,0
3905,13,0
3906,17,0
3907,14,1
3908,5,0
3909,1,0
3910,2,0
3911,0,0
3912,5,1
3913,6,0
3914,0,0
3915,7,0
3916,6,1
3917,0,1
3918,23,1
3919,2,0
3920,33,1
3921,0,0
3922,14,1
3923,2,0
3924,3,1
3925,5,0
3926,28,1
3927,2,1
3928,2,0
3929,4,1
3930,1,0
3931,4,1
3932,10,0
3933,0,0
3934,38,0
3935,1,0
3936,0,0
3937,0,0
3938,7,0
3939,6,0
3940,3,1
3941,5,0
3942,0,1
3943,1,0
3944,2,0
3945,1,1
3946,0,0
3947,1,0
3948,1,0
3949,4,0
3950,0,0
3951,3,0
3952,1,1
3953,0,0
3954,2,0
3955,3,1
3956,2,0
3957,1,0
3958,10,0
3959,5,0
3960,22,0
3961,1,0
3962,0,1
3963,6,0
3964,2,1
3965,1,0
3966,32,1
3967,4,0
3968,0,0
3969,2,0
3970,36,1
3971,2,0
3972,29,0
3973,0,0
3974,1,0
3975,2,0
3976,4,0
3977,0,0
3978,0,1
3979,10,0
3980,1,0
3981,0,0
3982,18,0
3983,3,1
3984,29,1
3985,3,1
3986,5,0
3987,18,0
3988,2,0
3989,1,1
3990,10,1
3991,1,0
3992,76,0
3993,3,0
3994,32,0
3995,0,1
3996,0,0
3997,1,1
3998,0,0
3999,4,0
4000,2,0
4001,0,1
4002,0,0
4003,1,0
4004,3,0
4005,2,0
4006,12,1
4007,4,0
4008,22,1
4009,0,0
4010,16,1
4011,0,1
4012,3,0
4013,1,0
4014,8,0
4015,0,0
4016,0,0
4017,0,1
4018,0,0
4019,0,0
4020,4,0
4021,5,0
4022,0,0
4023,1,1
4024,22,0
4025,0,0
4026,7,0
4027,5,0
4028,6,0
4029,3,0
4030,3,0
4031,0,0
4032,0,0
4033,1,0
4034,9,0
4035,2,0
4036,0,0
4037,0,0
4038,5,0
4039,3,0
4040,0,1
4041,1,0
4042,2,0
4043,0,0
4044,1,0
4045,32,0
4046,2,0
4047,13,0
4048,3,1
4049,10,1
4050,2,1
4051,4,1
4052,11,0
4053,4,1
4054,5,0
4055,11,0
4056,31,1
4057,3,0
4058,1,0
4059,7,0
4060,12,0
4061,34,1
4062,1,0
4063,11,0
4064,8,0
4065,0,0
4066,1,1
4067,25,1
4068,1,0
4069,10,0
4070,0,1
4071,0,0
4072,1,0
4073,0,0
4074,0,0
4075,0,0
4076,0,0
4077,0,0
4078,1,1
4079,2,0
4080,0,0
4081,4,0
4082,1,1
4083,0,0
4084,2,0
4085,0,0
4086,23,1
4087,0,0
4088,15,0
4089,3,0
4090,2,1
4091,2,0
4092,4,0
4093,26,0
4094,7,1
4095,5,0
4096,5,0
4097,4,0
4098,4,0
4099,1,1
4100,0,1
4101,1,1
4102,4,0
4103,2,0
4104,0,1
4105,5,0
4106,2,0
4107,0,0
4108,2,0
4109,9,1
4110,2,0
4111,16,1
4112,7,0
4113,21,0
4114,12,0
4115,1,0
4116,0,0
4117,8,0
4118,7,1
4119,0,0
4120,38,0
4121,1,0
4122,1,0
4123,0,1
4124,1,0
4125,3,1
4126,18,1
4127,13,1
4128,0,1
4129,18,1
4130,29,0
4131,5,0
4132,2,0
4133,2,0
4134,2,0
4135,0,0
4136,7,0
4137,5,0
4138,1,0
4139,2,1
4140,4,0
4141,55,0
4142,0,0
4143,3,0
4144,18,1
4145,3,0
4146,6,1
4147,10,1
4148,12,1
4149,0,0
4150,3,0
4151,11,1
4152,4,1
4153,13,1
4154,0,1
4155,3,0
4156,0,1
4157,1,1
4158,0,1
4159,1,1
4160,5,0
4161,28,1
4162,5,0
4163,6,0
4164,5,0
4165,8,0
4166,0,0
4167,6,0
4168,0,0
4169,5,0
4170,0,0
4171,0,1
4172,0,0
4173,2,0
4174,1,0
4175,1,0
4176,6,1
4177,0,0
4178,1,0
4179,1,0
4180,1,0
4181,2,1
4182,23,0
4183,10,1
4184,0,0
4185,23,1
4186,0,1
4187,7,0
4188,0,1
4189,15,0
4190,23,0
4191,3,0
4192,2,0
4193,2,1
4194,3,0
4195,1,0
4196,12,1
4197,4,0
4198,0,0
4199,13,0
4200,11,1
4201,5,0
4202,4,0
4203,6,1
4204,1,0
4205,1,0
4206,2,1
4207,19,1
4208,0,0
4209,2,0
4210,2,0
4211,0,1
4212,0,1
4213,0,1
4214,6,0
4215,5,1
4216,4,0
4217,0,0
4218,8,0
4219,0,1
4220,17,0
4221,4,0
4222,2,0
4223,0,0
4224,0,0
4225,3,1
4226,3,0
4227,5,1
4228,7,1
4229,2,1
4230,4,0
4231,0,1
4232,0,0
4233,7,1
4234,37,0
4235,1,1
4236,0,0
4237,34,0
4238,0,1
4239,1,1
4240,0,1
4241,13,1
4242,0,0
4243,0,1
4244,22,1
4245,7,0
4246,39,1
4247,11,0
4248,4,0
4249,17,1
4250,1,0
4251,28,1
4252,10,1
4253,6,0
4254,2,0
4255,0,0
4256,9,1
4257,2,1
4258,0,0
4259,1,0
4260,3,0
4261,0,1
4262,25,0
4263,3,0
4264,4,0
4265,0,1
4266,1,0
4267,0,0
4268,5,0
4269,4,1
4270,0,0
4271,3,1
4272,7,1
4273,0,1
4274,0,0
4275,3,0
4276,2,0
4277,0,0
4278,3,0
4279,2,1
4280,11,0
4281,2,0
4282,0,0
4283,4,1
4284,0,0
4285,25,0
4286,1,0
4287,0,0
4288,0,0
4289,2,0
4290,8,0
4291,0,0
4292,2,0
4293,1,0
4294,24,1
4295,5,0
4296,4,0
4297,3,1
4298,9,0
4299,0,0
4300,4,0
4301,0,0
4302,5,0
4303,5,1
4304,14,1
4305,22,1
4306,7,0
4307,6,0
4308,4,1
4309,6,0
4310,4,1
4311,6,0
4312,10,1
4313,0,0
4314,0,0
4315,1,0
4316,0,0
4317,0,0
4318,0,0
4319,0,0
4320,0,0
4321,2,1
4322,1,1
4323,34,1
4324,5,0
4325,5,0
4326,2,1
4327,3,0
4328,44,1
4329,0,1
4330,6,1
4331,3,0
4332,0,1
4333,3,0
4334,0,0
4335,0,0
4336,4,1
4337,0,0
4338,0,0
4339,2,0
4340,4,0
4341,0,1
4342,0,0
4343,3,0
4344,0,1
4345,0,0
4346,2,1
4347,0,0
4348,0,0
4349,31,1
4350,16,1
4351,1,0
4352,0,0
4353,10,1
4354,0,1
4355,0,0
4356,8,0
4357,6,0
4358,24,1
4359,50,1
4360,4,1
4361,28,0
4362,34,1
4363,6,0
4364,0,0
4365,0,1
4366,2,0
4367,13,1
4368,6,0
4369,1,0
4370,3,0
4371,3,0
4372,1,0
4373,57,1
4374,1,0
4375,6,0
4376,21,1
4377,19,1
4378,2,0
4379,4,1
4380,4,0
4381,22,0
4382,1,0
4383,1,1
4384,0,0
4385,4,0
4386,0,0
4387,0,0
4388,15,0
4389,1,0
4390,1,0
4391,0,0
4392,0,0
4393,3,1
4394,7,1
4395,2,0
4396,92,0
4397,16,0
4398,11,1
4399,1,1
4400,2,1
4401,0,1
4402,2,0
4403,0,1
4404,0,0
4405,12,1
4406,3,0
4407,1,0
4408,12,1
4409,5,1
4410,0,1
4411,0,0
4412,0,0
4413,18,1
4414,0,0
4415,0,0
4416,2,1
4417,2,0
4418,1,1
4419,3,1
4420,6,0
4421,5,0
4422,4,1
4423,0,0
4424,29,0
4425,11,0
4426,7,0
4427,2,0
4428,3,0
4429,1,1
4430,11,0
4431,0,0
4432,4,0
4433,4,0
4434,0,1
4435,2,0
4436,4,0
4437,0,1
4438,1,0
4439,0,0
4440,10,0
4441,4,0
4442,0,1
4443,3,0
4444,1,1
4445,30,0
4446,16,0
4447,32,0
4448,3,1
4449,0,0
4450,0,0
4451,1,0
4452,0,1
4453,6,0
4454,2,0
4455,22,0
4456,0,1
4457,5,0
4458,1,0
4459,32,1
4460,0,0
4461,1,1
4462,23,1
4463,16,1
4464,1,0
4465,0,0
4466,0,0
4467,1,0
4468,3,1
4469,4,0
4470,4,0
4471,0,0
4472,25,1
4473,0,0
4474,0,0
4475,9,0
4476,0,0
4477,0,0
4478,5,0
4479,1,0
4480,3,0
4481,9,1
4482,4,0
4483,31,1
4484,3,0
4485,0,1
4486,18,0
4487,2,0
4488,3,0
4489,13,1
4490,0,0
4491,16,1
4492,2,0
4493,3,0
4494,1,1
4495,3,0
4496,0,0
4497,4,0
4498,1,1
4499,0,0
4500,0,1
4501,2,1
4502,1,1
4503,9,1
4504,8,1
4505,11,1
4506,2,0
4507,2,0
4508,1,0
4509,1,0
4510,9,0
4511,28,1
4512,21,1
4513,11,1
4514,20,0
4515,0,0
4516,26,1
4517,3,0
4518,8,1
4519,2,0
4520,11,1
4521,11,0
4522,0,0
4523,2,0
4524,4,1
4525,3,1
4526,0,1
4527,18,0
4528,1,1
4529,0,0
4530,0,0
4531,3,0
4532,18,0
4533,6,0
4534,1,0
4535,0,0
4536,16,0
4537,7,1
4538,1,0
4539,3,1
4540,6,0
4541,6,1
4542,2,0
4543,7,0
4544,4,0
4545,41,1
4546,0,0
4547,0,0
4548,0,0
4549,1,0
4550,3,1
4551,0,0
4552,9,0
4553,10,1
4554,3,1
4555,7,1
4556,9,0
4557,0,1
4558,1,0
4559,0,0
4560,0,0
4561,2,0
4562,0,0
4563,0,0
4564,0,0
4565,2,0
4566,8,1
4567,2,1
4568,2,0
4569,1,0
4570,0,0
4571,2,0
4572,3,0
4573,3,1
4574,10,0
4575,2,1
4576,6,0
4577,0,0
4578,4,0
4579,6,0
4580,0,0
4581,1,1
4582,2,0
4583,0,1
4584,0,1
4585,0,1
4586,10,0
4587,3,0
4588,0,0
4589,4,0
4590,1,0
4591,3,0
4592,12,0
4593,1,0
4594,14,0
4595,15,0
4596,5,0
4597,0,0
4598,16,1
4599,3,1
4600,0,0
4601,4,0
4602,46,0
4603,0,0
4604,11,0
4605,0,1
4606,2,1
4607,0,1
4608,0,0
4609,0,0
4610,2,0
4611,3,0
4612,0,1
4613,1,0
4614,6,0
4615,4,0
4616,4,0
4617,7,1
4618,5,1
4619,0,0
4620,2,0
4621,5,0
4622,4,0
4623,3,0
4624,2,1
4625,22,1
4626,1,1
4627,11,1
4628,0,0
4629,0,0
4630,2,0
4631,5,0
4632,5,1
4633,0,0
4634,1,1
4635,1,0
4636,0,0
4637,4,0
4638,0,0
4639,28,0
4640,0,0
4641,0,0
4642,0,0
4643,7,0
4644,1,0
4645,1,0
4646,2,0
4647,1,0
4648,1,0
4649,1,0
4650,0,0
4651,0,0
4652,4,0
4653,0,0
4654,0,0
4655,1,0
4656,2,0
4657,0,1
4658,4,0
4659,1,1
4660,18,1
4661,1,0
4662,1,0
4663,1,0
4664,0,0
4665,2,0
4666,2,0
4667,3,0
4668,1,0
4669,1,0
4670,3,0
4671,0,1
4672,9,1
4673,65,0
4674,5,0
4675,0,0
4676,4,0
4677,0,0
4678,6,0
4679,7,0
4680,0,0
4681,5,0
4682,2,0
4683,1,1
4684,4,0
4685,11,0
4686,0,0
4687,3,1
4688,2,0
4689,5,0
4690,12,1
4691,12,0
4692,0,1
4693,0,1
4694,46,0
4695,29,1
4696,3,1
4697,10,0
4698,1,0
4699,4,0
4700,22,1
4701,0,0
4702,0,0
4703,2,0
4704,13,1
4705,9,1
4706,9,1
4707,3,0
4708,2,0
4709,0,1
4710,4,0
4711,2,0
4712,1,0
4713,0,0
4714,50,0
4715,0,1
4716,49,1
4717,0,0
4718,0,1
4719,0,1
4720,12,0
4721,1,1
4722,1,0
4723,0,0
4724,0,0
4725,1,0
4726,2,0
4727,8,1
4728,12,1
4729,4,0
4730,5,0
4731,16,0
4732,1,0
4733,8,0
4734,3,0
4735,0,1
4736,0,0
4737,4,0
4738,0,1
4739,3,1
4740,0,0
4741,1,0
4742,16,1
4743,1,0
4744,0,1
4745,0,0
4746,4,0
4747,0,1
4748,1,0
4749,6,1
4750,4,0
4751,1,1
4752,4,0
4753,1,0
4754,0,0
4755,4,0
4756,1,1
4757,0,0
4758,0,1
4759,4,1
4760,21,0
4761,0,0
4762,6,1
4763,27,0
4764,1,1
4765,15,1
4766,0,0
4767,1,0
4768,1,0
4769,3,0
4770,0,0
4771,1,1
4772,0,0
4773,20,1
4774,0,0
4775,0,0
4776,0,0
4777,2,0
4778,32,1
4779,0,0
4780,1,0
4781,0,0
4782,13,0
4783,3,0
4784,10,1
4785,0,0
4786,4,0
4787,2,0
4788,0,0
4789,2,1
4790,12,1
4791,9,0
4792,3,0
4793,2,0
4794,0,0
4795,4,0
4796,0,0
4797,0,1
4798,8,0
4799,2,0
4800,0,0
4801,20,1
4802,6,1
4803,1,0
4804,10,1
4805,4,0
4806,0,1
4807,1,0
4808,7,0
4809,1,0
4810,3,0
4811,0,1
4812,1,1
4813,0,0
4814,3,0
4815,0,0
4816,0,1
4817,0,0
4818,1,0
4819,4,0
4820,1,1
4821,2,1
4822,3,0
4823,2,0
4824,2,0
4825,0,1
4826,0,0
4827,1,0
4828,11,0
4829,2,0
4830,7,1
4831,5,1
4832,2,0
4833,2,1
4834,1,0
4835,26,0
4836,0,0
4837,1,1
4838,11,0
4839,12,0
4840,4,1
4841,6,0
4842,3,0
4843,3,0
4844,0,0
4845,13,0
4846,53,0
4847,11,0
4848,24,1
4849,1,0
4850,0,0
4851,19,1
4852,1,0
4853,2,0
4854,2,0
4855,2,0
4856,0,0
4857,2,0
4858,5,0
4859,0,0
4860,2,0
4861,15,1
4862,1,0
4863,0,0
4864,4,1
4865,21,1
4866,4,0
4867,2,0
4868,0,0
4869,6,0
4870,11,1
4871,6,0
4872,2,1
4873,0,0
4874,0,0
4875,13,1
4876,23,0
4877,0,1
4878,0,0
4879,0,0
4880,0,0
4881,0,0
4882,0,0
4883,2,1
4884,7,0
4885,13,0
4886,9,1
4887,5,0
4888,0,0
4889,7,0
4890,6,1
4891,1,0
4892,10,1
4893,0,1
4894,8,0
4895,0,0
4896,16,0
4897,3,0
4898,0,1
4899,0,1
4900,33,1
4901,33,0
4902,1,0
4903,11,0
4904,3,1
4905,0,1
4906,0,0
4907,4,0
4908,3,0
4909,0,1
4910,1,0
4911,1,0
4912,2,0
4913,8,1
4914,0,0
4915,28,1
4916,2,0
4917,3,0
4918,0,1
4919,9,1
4920,0,0
4921,0,0
4922,0,1
4923,0,0
4924,0,1
4925,5,0
4926,5,0
4927,0,0
4928,6,0
4929,0,0
4930,5,0
4931,3,0
4932,4,0
4933,7,0
4934,0,1
4935,18,1
4936,2,0
4937,6,0
4938,1,0
4939,2,0
4940,0,0
4941,37,1
4942,3,1
4943,0,0
4944,22,0
4945,7,1
4946,3,0
4947,1,0
4948,0,0
4949,13,1
4950,46,1
4951,0,1
4952,0,0
4953,0,1
4954,1,1
4955,1,0
4956,0,0
4957,1,0
4958,0,0
4959,34,1
4960,1,0
4961,0,0
4962,9,0
4963,7,0
4964,4,0
4965,4,0
4966,0,0
4967,4,0
4968,4,0
4969,7,0
4970,4,0
4971,1,0
4972,1,0
4973,3,1
4974,1,0
4975,22,0
4976,0,0
4977,1,0
4978,0,0
4979,3,1
4980,61,1
4981,0,1
4982,1,0
4983,14,0
4984,1,1
4985,9,0
4986,5,0
4987,0,0
4988,6,1
4989,2,0
4990,8,0
4991,4,0
4992,6,0
4993,0,0
4994,4,1
4995,9,0
4996,3,0
4997,6,1
4998,0,0
4999,7,0
5000,1,0
5001,6,0
5002,9,0
5003,1,0
5004,0,1
5005,5,0
5006,2,1
5007,7,0
5008,22,1
5009,16,0
5010,1,0
5011,0,0
5012,21,0
5013,2,0
5014,12,0
5015,4,1
5016,2,0
5017,50,0
5018,6,0
5019,0,0
5020,17,1
5021,3,0
5022,39,1
5023,1,0
5024,10,0
5025,8,1
5026,0,0
5027,21,1
5028,6,0
5029,3,0
5030,20,0
5031,0,0
5032,0,0
5033,15,1
5034,1,0
5035,7,1
5036,1,0
5037,2,0
5038,4,1
5039,0,0
5040,2,0
5041,3,0
5042,0,1
5043,0,0
5044,5,0
5045,0,1
5046,1,0
5047,0,1
5048,4,0
5049,0,1
5050,1,0
5051,0,0
5052,5,1
5053,2,0
5054,2,0
5055,0,0
5056,0,1
5057,12,0
5058,2,0
5059,0,0
5060,1,0
5061,18,0
5062,0,0
5063,28,0
5064,1,0
5065,13,0
5066,35,1
5067,6,0
5068,72,1
5069,5,1
5070,8,1
5071,4,0
5072,0,0
5073,21,0
5074,2,0
5075,0,0
5076,0,0
5077,8,0
5078,0,0
5079,11,1
5080,19,0
5081,27,1
5082,1,0
5083,2,1
5084,4,0
5085,2,0
5086,2,1
5087,2,0
5088,8,0
5089,2,0
5090,5,0
5091,6,1
5092,0,0
5093,7,0
5094,2,1
5095,0,0
5096,27,0
5097,4,0
5098,2,0
5099,0,0
5100,9,0
5101,2,1
5102,2,0
5103,0,0
5104,0,0
5105,24,0
5106,14,0
5107,4,0
5108,13,1
5109,1,0
5110,9,1
5111,15,1
5112,0,0
5113,1,0
5114,0,1
5115,17,0
5116,5,0
5117,8,1
5118,8,0
5119,43,0
5120,3,0
5121,1,0
5122,0,1
5123,11,0
5124,8,1
5125,9,1
5126,13,1
5127,0,1
5128,42,1
5129,0,0
5130,12,1
5131,9,1
5132,19,0
5133,30,1
5134,7,0
5135,0,1
5136,78,0
5137,6,1
5138,0,0
5139,5,0
5140,0,0
5141,0,0
5142,5,0
5143,0,0
5144,39,1
5145,0,1
5146,5,0
5147,8,1
5148,0,0
5149,7,0
5150,0,0
5151,12,0
5152,3,1
5153,0,1
5154,8,1
5155,2,1
5156,1,0
5157,0,0
5158,4,0
5159,1,1
5160,11,1
5161,0,0
5162,3,0
5163,3,0
5164,27,0
5165,2,0
5166,9,0
5167,2,1
5168,32,1
5169,10,1
5170,0,0
5171,0,0
5172,5,1
5173,0,0
5174,1,1
5175,6,0
5176,9,0
5177,12,0
5178,8,1
5179,1,0
5180,2,0
5181,6,0
5182,0,1
5183,6,1
5184,17,0
5185,3,0
5186,1,0
5187,3,1
5188,5,1
5189,0,0
5190,28,0
5191,19,0
5192,0,0
5193,0,0
5194,19,1
5195,0,1
5196,0,0
5197,7,0
5198,13,1
5199,6,1
5200,9,1
5201,2,1
5202,0,0
5203,0,0
5204,0,1
5205,16,0
5206,3,0
5207,1,0
5208,3,0
5209,8,1
5210,11,1
5211,0,0
5212,4,0
5213,12,0
5214,0,0
5215,0,0
5216,6,1
5217,4,0
5218,12,0
5219,7,1
5220,6,0
5221,8,0
5222,9,0
5223,9,1
5224,5,1
5225,7,0
5226,22,0
5227,10,0
5228,31,1
5229,1,1
5230,2,0
5231,1,0
5232,43,1
5233,3,0
5234,5,1
5235,36,1
5236,9,1
5237,2,0
5238,13,0
5239,20,0
5240,1,0
5241,2,0
5242,24,1
5243,0,0
5244,5,1
5245,31,1
5246,3,0
5247,14,1
5248,2,0
5249,5,1
5250,1,0
5251,43,0
5252,0,1
5253,3,0
5254,0,0
5255,53,1
5256,0,1
5257,2,0
5258,0,0
5259,0,0
5260,1,1
5261,6,0
5262,6,1
5263,1,0
5264,22,1
5265,0,0
5266,7,0
5267,0,0
5268,2,0
5269,5,0
5270,1,1
5271,2,0
5272,8,0
5273,1,1
5274,0,0
5275,4,0
5276,0,0
5277,0,0
5278,0,1
5279,0,0
5280,3,1
5281,8,1
5282,2,0
5283,7,1
5284,2,0
5285,5,1
5286,3,0
5287,1,0
5288,0,0
5289,2,0
5290,9,0
5291,0,0
5292,4,0
5293,1,0
5294,7,1
5295,6,1
5296,5,0
5297,1,0
5298,2,0
5299,0,0
5300,2,0
5301,0,0
5302,0,0
5303,1,0
5304,4,1
5305,2,1
5306,1,1
5307,3,0
5308,0,0
5309,0,0
5310,3,0
5311,20,0
5312,8,0
5313,12,0
5314,0,0
5315,22,0
5316,5,0
5317,5,0
5318,4,1
5319,5,0
5320,22,0
5321,17,1
5322,70,0
5323,6,0
5324,6,1
5325,6,1
5326,0,0
5327,0,0
5328,7,1
5329,0,0
5330,0,0
5331,1,0
5332,4,0
5333,0,0
5334,2,0
5335,3,0
5336,5,1
5337,12,0
5338,15,0
5339,6,0
5340,24,0
5341,0,0
5342,17,1
5343,0,0
5344,1,1
5345,0,1
5346,1,1
5347,9,1
5348,3,1
5349,2,0
5350,0,1
5351,5,1
5352,0,0
5353,3,0
5354,0,0
5355,0,0
5356,0,1
5357,1,1
5358,18,0
5359,1,0
5360,5,0
5361,6,1
5362,0,1
5363,0,0
5364,8,0
5365,3,0
5366,3,0
5367,2,0
5368,5,1
5369,2,0
5370,53,0
5371,1,0
5372,49,1
5373,4,1
5374,0,0
5375,7,1
5376,29,1
5377,11,1
5378,8,0
5379,0,1
5380,1,1
5381,0,1
5382,0,1
5383,0,0
5384,0,0
5385,0,0
5386,0,1
5387,4,0
5388,2,0
5389,0,0
5390,6,0
5391,0,0
5392,0,1
5393,0,0
5394,12,1
5395,45,1
5396,2,0
5397,8,1
5398,4,1
5399,0,0
5400,16,1
5401,0,0
5402,1,0
5403,4,1
5404,2,0
5405,0,1
5406,3,0
5407,8,0
5408,0,0
5409,2,0
5410,2,0
5411,2,0
5412,4,0
5413,3,0
5414,0,1
5415,0,0
5416,14,1
5417,0,0
5418,0,0
5419,12,0
5420,22,1
5421,0,0
5422,8,0
5423,8,0
5424,0,1
5425,3,1
5426,3,0
5427,2,1
5428,5,0
5429,0,0
5430,39,1
5431,2,0
5432,2,1
5433,0,1
5434,3,0
5435,19,1
5436,6,0
5437,1,1
5438,18,1
5439,1,1
5440,0,1
5441,0,0
5442,35,0
5443,0,0
5444,9,1
5445,0,0
5446,0,0
5447,1,1
5448,7,0
5449,15,0
5450,6,1
5451,14,0
5452,2,0
5453,4,0
5454,3,0
5455,0,1
5456,3,0
5457,6,0
5458,1,0
5459,7,0
5460,2,1
5461,7,0
5462,6,0
5463,4,0
5464,2,1
5465,0,1